{
    "prepare_queue": {
        "installed": [],
        "uninstalled": []
    },
    "config_munge": {
        "files": {
            "res/xml/config.xml": {
                "parents": {
                    "/*": [
                        {
                            "xml": "<feature name=\"Whitelist\"><param name=\"android-package\" value=\"org.apache.cordova.whitelist.WhitelistPlugin\" /><param name=\"onload\" value=\"true\" /></feature>",
                            "count": 1
                        },
                        {
                            "xml": "<feature name=\"WebSocket\"><param name=\"android-package\" value=\"com.knowledgecode.cordova.websocket.WebSocket\" /></feature>",
                            "count": 1
                        }
                    ]
                }
            },
            "AndroidManifest.xml": {
                "parents": {
                    "/*": [
                        {
                            "xml": "<uses-permission android:name=\"android.permission.INTERNET\" />",
                            "count": 1
                        }
                    ]
                }
            }
        }
    },
    "installed_plugins": {
        "cordova-plugin-whitelist": {
            "PACKAGE_NAME": "com.quickblox.cordova.chat"
        },
        "cordova-plugin-websocket": {
            "PACKAGE_NAME": "com.quickblox.cordova.chat"
        },
        "cordova-plugin-console": {
            "PACKAGE_NAME": "com.quickblox.cordova.text_chat"
        },
        "cordova-custom-config": {
            "PACKAGE_NAME": "com.quickblox.cordova.text_chat"
        }
    },
    "dependent_plugins": {},
    "modules": [
        {
            "id": "cordova-plugin-websocket.websocket",
            "file": "plugins/cordova-plugin-websocket/www/websocket.js",
            "pluginId": "cordova-plugin-websocket",
            "clobbers": [
                "WebSocket"
            ]
        }
    ],
    "plugin_metadata": {
        "cordova-plugin-whitelist": "1.3.0",
        "cordova-plugin-websocket": "0.12.0",
        "cordova-plugin-console": "1.0.4",
        "cordova-custom-config": "3.0.14"
    }
}